user_input,retrieved_contexts,reference_contexts,response,reference,context_precision,context_recall,faithfulness,answer_relevancy,sample_type,failed_metrics,overall_pass,context_precision_pass,context_recall_pass,faithfulness_pass,answer_relevancy_pass
What is the latest Salesforce API version?,"['Table context:\nMarch 30, 2020\n\n| Application/Service | Version |\n| --- | --- |\n| Mule | 4.1.1 and later |\n| Salesforce | v37.0, v38.0, v39.0, v40.0, v41.0, v42.0, v43.0, v44.0, v45.0, v46.0, v47.0 |\n\nTable context:\nNovember 28, 2018\n\n| Application/Service | Version |\n| --- | --- |\n| Mule | 4.1.1 and later |\n| Salesforce | v37.0, v38.0, v39.0, v40.0, v41.0, v42.0, v43 |\n\nTable context:\nNovember 25, 2019\n\n| Application/Service | Version |\n| --- | --- |\n| Mule | 4.1.1 and later |\n| Salesforce | v37.0, v38.0, v39.0, v40.0, v41.0, v42.0, v43.0, v44.0, v45.0, v46.0, v47.0 |', 'Table context:\nNovember 25, 2019\n\n| Application/Service | Version |\n| --- | --- |\n| Mule | 4.1.1 and later |\n| Salesforce | v37.0, v38.0, v39.0, v40.0, v41.0, v42.0, v43.0, v44.0, v45.0, v46.0, v47.0 |\n\nTable context:\nMarch 30, 2020\n\n| Application/Service | Version |\n| --- | --- |\n| Mule | 4.1.1 and later |\n| Salesforce | v37.0, v38.0, v39.0, v40.0, v41.0, v42.0, v43.0, v44.0, v45.0, v46.0, v47.0 |\n\nTable context:\nNovember 28, 2018\n\n| Application/Service | Version |\n| --- | --- |\n| Mule | 4.1.1 and later |\n| Salesforce | v37.0, v38.0, v39.0, v40.0, v41.0, v42.0, v43 |']","[""Salesforce API version 68.0 corresponds to the Winter '27 release.""]","## Answer
[Unverified] I could not confirm the current Salesforce value from authoritative Salesforce documentation.

## Note
The retrieved evidence did not include a Salesforce Release Notes or Salesforce Developer Documentation source that I could treat as authoritative for this current fact.

## Sources
- No authoritative Salesforce source was found.",The current Salesforce API version is Winter '27 (API version 68.0).,0.99999999995,1.0,1.0,,default,['answer_relevancy'],False,True,True,True,False
What is the Salesforce Apex heap size?,"['| [Field Name](salesforce_field_reference.htm#name) | [Field Label](salesforce_field_reference.htm#label) | [Type](salesforce_field_reference.htm#type) | [Digits](salesforce_field_reference.htm#digits) | [Length](salesforce_field_reference.htm#length) | [Precision](salesforce_field_reference.htm#precision) | [Scale](salesforce_field_reference.htm#scale) |\n| --- | --- | --- | --- | --- | --- | --- |\n| `ApexTestResultId` | Application Test Result ID | reference |  | 18 |  |  |\n| `AsyncCalls` | Total number of async calls | int | 9 |  |  |  |\n| `Callouts` | Total number of callouts | int | 9 |  |  |  |\n| `Cpu` | Maximum CPU time on the Salesforce servers | int | 9 |  |  |  |\n| `CreatedById` | Created By ID | reference |  | 18 |  |  |\n| `CreatedDate` | Created Date | datetime |  |  |  |  |\n| `Dml` | Total number of DML statements issued | int | 9 |  |  |  |\n| `DmlRows` | Total number of records processed as a result of DML statements | int | 9 |  |  |  |\n| `Email` | Total number of sendEmail methods allowed | int | 9 |  |  |  |\n| `Id` | Apex Test Result Limits ID | id |  | 18 |  |  |\n| `IsDeleted` | Deleted | boolean |  |  |  |  |\n| `LastModifiedById` | Last Modified By ID | reference |  | 18 |  |  |\n| `LastModifiedDate` | Last Modified Date | datetime |  |  |  |  |\n| `LimitContext` | Limit Context | string |  | 255 |  |  |\n| `LimitExceptions` | Limit Exceptions | string |  | 255 |  |  |\n| `MobilePush` | Maximum number of push notification method calls allowed per Apex transaction | int | 9 |  |  |  |\n| `QueryRows` | Total number of records retrieved by SOQL queries | int | 9 |  |  |  |\n| `Soql` | Total number of SOQL queries issued | int | 9 |  |  |  |\n| `Sosl` | Total number of SOSL queries issued | int | 9 |  |  |  |\n| `SystemModstamp` | System Modstamp | datetime |  |  |  |  |\n\n| [Field Name](salesforce_field_reference.htm#name) | [Field Label](salesforce_field_reference.htm#label) | [Type](salesforce_field_reference.htm#type) | [Digits](salesforce_field_reference.htm#digits) | [Length](salesforce_field_reference.htm#length) | [Precision](salesforce_field_reference.htm#precision) | [Scale](salesforce_field_reference.htm#scale) |\n| --- | --- | --- | --- | --- | --- | --- |\n| `ApexPageId` | Apex Page ID | string |  | 18 |  |  |\n| `ApiVersion` | API Version | double |  |  | 18 | 1 |\n| `Description` | Description | textarea |  | 1333 |  |  |\n| `DurableId` | Durable ID | string |  | 255 |  |  |\n| `Id` | Entity Id | id |  | 18 |  |  |\n| `IsAvailableInTouch` | Is Available In Touch | boolean |  |  |  |  |\n| `IsShowHeader` | Show Header | string |  | 80 |  |  |\n| `MasterLabel` | Master Label | string |  | 80 |  |  |\n| `Name` | Name | string |  | 80 |  |  |\n| `NameSpacePrefix` | Name Space Prefix | string |  | 512 |  |  |\n\n| [Field Name](salesforce_field_reference.htm#name) | [Field Label](salesforce_field_reference.htm#label) | [Type](salesforce_field_reference.htm#type) | [Digits](salesforce_field_reference.htm#digits) | [Length](salesforce_field_reference.htm#length) | [Precision](salesforce_field_reference.htm#precision) | [Scale](salesforce_field_reference.htm#scale) |\n| --- | --- | --- | --- | --- | --- | --- |\n| `ApiVersion` | Api Version | double |  |  | 18 | 1 |\n| `Body` | Body | textarea |  | 1000000 |  |  |\n| `BodyCrc` | Body CRC | double |  |  | 18 | 0 |\n| `CreatedById` | Created By ID | reference |  | 18 |  |  |\n| `CreatedDate` | Created Date | datetime |  |  |  |  |\n| `Id` | Apex Trigger ID | id |  | 18 |  |  |\n| `IsValid` | Is Valid | boolean |  |  |  |  |\n| `LastModifiedById` | Last Modified By ID | reference |  | 18 |  |  |\n| `LastModifiedDate` | Last Modified Date | datetime |  |  |  |  |\n| `LengthWithoutComments` | Size Without Comments | int | 9 |  |  |  |\n| `Name` | Name | string |  | 255 |  |  |\n| `NamespacePrefix` | Namespace Prefix | string |  | 15 |  |  |\n| `Status` | Status | picklist |  | 40 |  |  |\n| `SystemModstamp` | System Modstamp | datetime |  |  |  |  |\n| `TableEnumOrId` | Custom Object Definition ID | picklist |  | 40 |  |  |\n| `UsageAfterDelete` | AfterDelete | boolean |  |  |  |  |\n| `UsageAfterInsert` | AfterInsert | boolean |  |  |  |  |\n| `UsageAfterUndelete` | AfterUndelete | boolean |  |  |  |  |\n| `UsageAfterUpdate` | AfterUpdate | boolean |  |  |  |  |\n| `UsageBeforeDelete` | BeforeDelete | boolean |  |  |  |  |\n| `UsageBeforeInsert` | BeforeInsert | boolean |  |  |  |  |\n| `UsageBeforeUpdate` | BeforeUpdate | boolean |  |  |  |  |\n| `UsageIsBulk` | IsBulk | boolean |  |  |  |  |', '{\n  ""id"": ""sfFieldRef/salesforce_field_reference_ApexTestResultLimits.html"",\n  ""documentPath"": ""sfFieldRef/salesforce_field_reference_ApexTestResultLimits.html"",\n  ""url"": ""https://developer.salesforce.com/docs/atlas.en-us.sfFieldRef.meta/sfFieldRef/salesforce_field_reference_ApexTestResultLimits.htm"",\n  ""collection"": ""legacydeveloper/sffieldref"",\n  ""totalChunks"": 2,\n  ""content"": ""ApexTestResultLimits\\n\\nCaptures the Apex test limits used for a particular test method execution. An instance of this object is associated with each ApexTestResult record. This object is available in API version 37.0 and later.\\n\\nThis guide only lists certain information for each object. For more information, including descriptions of the fields, see [ApexTestResultLimits](https://developer.salesforce.com/docs/atlas.en-us.262.0.object_reference.meta/object_reference/sforce_api_objects_apextestresultlimits.htm) in the Object Reference for the Salesforce Platform.\\n\\n| [Field Name](salesforce_field_reference.htm#name) | [Field Label](salesforce_field_reference.htm#label) | [Type](salesforce_field_reference.htm#type) | [Digits](salesforce_field_reference.htm#digits) | [Length](salesforce_field_reference.htm#length) | [Precision](salesforce_field_reference.htm#precision) | [Scale](salesforce_field_reference.htm#scale) |\\n| --- | --- | --- | --- | --- | --- | --- |\\n| `ApexTestResultId` | Application Test Result ID | reference |  | 18 |  |  |\\n| `AsyncCalls` | Total number of async calls | int | 9 |  |  |  |\\n| `Callouts` | Total number of callouts | int | 9 |  |  |  |\\n| `Cpu` | Maximum CPU time on the Salesforce servers | int | 9 |  |  |  |\\n| `CreatedById` | Created By ID | reference |  | 18 |  |  |\\n| `CreatedDate` | Created Date | datetime |  |  |  |  |\\n| `Dml` | Total number of DML statements issued | int | 9 |  |  |  |\\n| `DmlRows` | Total number of records processed as a result of DML statements | int | 9 |  |  |  |\\n| `Email` | Total number of sendEmail methods allowed | int | 9 |  |  |  |\\n| `Id` | Apex Test Result Limits ID | id |  | 18 |  |  |\\n| `IsDeleted` | Deleted | boolean |  |  |  |  |\\n| `LastModifiedById` | Last Modified By ID | reference |  | 18 |  |  |\\n| `LastModifiedDate` | Last Modified Date | datetime |  |  |  |  |\\n| `LimitContext` | Limit Context | string |  | 255 |  |  |\\n| `LimitExceptions` | Limit Exceptions | string |  | 255 |  |  |\\n| `MobilePush` | Maximum number of push notification method calls allowed per Apex transaction | int | 9 |  |  |  |\\n| `QueryRows` | Total number of records retrieved by SOQL queries | int | 9 |  |  |  |\\n| `Soql` | Total number of SOQL queries issued | int | 9 |  |  |  |\\n| `Sosl` | Total number of SOSL queries issued | int | 9 |  |  |  |\\n| `SystemModstamp` | System Modstamp | datetime |  |  |  |  |"",\n  ""metadata"": {\n    ""title"": ""ApexTestResultLimits"",\n    ""app_area"": ""sfFieldRef""\n  }\n}']",['The Apex heap size limit is 6 MB for synchronous Apex and 12 MB for asynchronous Apex.'],"## Answer
[Unverified] I could not confirm the current Salesforce value from authoritative Salesforce documentation.

## Note
The retrieved evidence did not include a Salesforce Release Notes or Salesforce Developer Documentation source that I could treat as authoritative for this current fact.

## Sources
- sfFieldRef/salesforce_field_reference_ApexTestResultLimits.html (Salesforce Documentation)
- sfFieldRef/salesforce_field_reference_ApexTestResultLimits.html (Salesforce Documentation)",Apex heap size limits are 6 MB for synchronous Apex and 12 MB for asynchronous Apex.,0.49999999995,1.0,0.6,,default,"['context_precision', 'faithfulness', 'answer_relevancy']",False,False,True,False,False
What is Agentforce Coworker?,"[""[Note] note: Agentforce Coworker is a beta service that is subject to the Beta Services Terms at Agreements.Salesforce.com or a written Unified Beta Agreement if executed by Customer, and applicable terms in the Product Terms Directory. Use of this beta service is at the Customer's sole discretion. The Non-GA Services are used in conjunction with GA Services which consume paid credits or entitlements (“entitlements”). Any corresponding consumption of entitlements arising from Customer’s use of the Non-GA Services shall not give rise to any refund or credit rights.\n\nTable context:\nWhen you turn on Agentforce Coworker, Salesforce automatically creates an Identity Resolution ruleset. This ruleset maps user identities across connected data sources, so the system recognizes users in Salesforce CRM, Slack, and Google Drive. By default, user profiles from different data sources inherit permissions from the linked data source based on their email address or their federated ID from an identity provider. View these mappings in User Mappings under Users in Salesforce Setup.\n\n| REQUIRED EDITIONS | Column 2 |\n| --- | --- |\n| Available in: Enterprise, Unlimited, Agentforce 1 Editions |  |\n| USER ROLES NEEDED |  |\n| To configure Agentforce Coworker: | Data 360 Admin or Data 360 Architect |\n| USER PERMISSIONS NEEDED |  |\n| To use Agentforce Coworker: | Access_Ai_Search Permission Set Group, AI Search Permission Set License |\n| To configure Agentforce Coworker: | Agentforce Coworker Admin Permission Set, AI Search Setup Permission Set License |\n\nTable context:\nWhen you turn on Agentforce Coworker, your Salesforce CRM data is automatically added to Agentforce Coworker. However, the existing external sources that you've set up in Data 360 are added separately to make sure that all the search metadata has been defined.\n\n| REQUIRED EDITIONS | Column 2 |\n| --- | --- |\n| Available in: Enterprise, Unlimited, Agentforce 1 Editions |  |\n| USER ROLES NEEDED |  |\n| To configure Agentforce Coworker: | Data 360 Admin or Data 360 Architect |\n| USER PERMISSIONS NEEDED |  |\n| To use Agentforce Coworker: | Access_Ai_Search Permission Set Group, AI Search Permission Set License |\n| To configure Agentforce Coworker: | Agentforce Coworker Admin Permission Set, AI Search Setup Permission Set License |"", '{\n  ""id"": ""data-cloud/agentforce-coworker/agentforce-coworker-a-home.html"",\n  ""documentPath"": ""data-cloud/agentforce-coworker/agentforce-coworker-a-home.html"",\n  ""url"": ""https://developer.salesforce.com/docs/data/agentforce-coworker/guide/agentforce-coworker-a-home.html"",\n  ""collection"": ""developer/data-cloud"",\n  ""totalChunks"": 3,\n  ""content"": ""Agentforce Coworker (Beta)\\n\\nPowered by Data 360, Agentforce Coworker is your AI-powered agent, connecting all your work tools into one conversational interface. Instead of juggling several different apps and pages, you can use Agentforce Coworker to find information, complete tasks, and work with your team and your customers, all in one place. And using the latest agent technology, our new search tool is constantly learning about your work and what you need to execute tasks efficiently.\\n\\n- [About Agentforce Coworker (Beta)](agentforce-coworker-about/agentforce-coworker-a-about-home.md#about-agentforce-coworker)\\n\\n- [Set Up Agentforce Coworker (Beta)](agentforce-coworker-setup/agentforce-coworker-a-setup-home.md#set-up-agentforce-coworker-beta)\\n\\n- [Navigate Search Layout and Manage Results (Beta)](agentforce-coworker-manage-experience/agentforce-coworker-a-manage-experience-home.md#navigate-search-layout-and-manage-results-beta)\\n\\n- [Create Additional Data Policies for Agentforce Coworker (Beta)](agentforce-coworker-other-data-governance/agentforce-coworker-a-other-data-governance-home.md#create-additional-data-policies-for-agentforce-coworker-beta)\\n\\n[Image: Image of Agentforce Coworker being used](../../media/agentforce-coworker-images/agentforce-coworker-navigate-search-mode-no-numbers-2026-05-08.png)\\n\\n[Note] note: Agentforce Coworker is a beta service that is subject to the Beta Services Terms at Agreements.Salesforce.com or a written Unified Beta Agreement if executed by Customer, and applicable terms in the Product Terms Directory. Use of this beta service is at the Customer\'s sole discretion. The Non-GA Services are used in conjunction with GA Services which consume paid credits or entitlements (“entitlements”). Any corresponding consumption of entitlements arising from Customer’s use of the Non-GA Services shall not give rise to any refund or credit rights.\\n\\n[Note] note: Agentforce Coworker is not supported in Government Cloud Plus. Don’t turn on the feature in Government Cloud Plus orgs. Contact your Salesforce account executive for more details."",\n  ""metadata"": {\n    ""title"": ""Agentforce Coworker (Beta)"",\n    ""app_area"": ""developer""\n  }\n}']","['Agentforce Coworker (Beta) is your AI-powered agent, connecting all your work tools into one conversational interface.', 'Powered by Data 360, Agentforce Coworker connects all your work tools into one conversational interface.']","## Answer
[Unverified] I could not confirm the current Salesforce value from authoritative Salesforce documentation.

## Note
The retrieved evidence did not include a Salesforce Release Notes or Salesforce Developer Documentation source that I could treat as authoritative for this current fact.

## Sources
- data-cloud/agentforce-coworker/agentforce-coworker-a-home.html (Salesforce Documentation)
- data-cloud/agentforce-coworker/agentforce-coworker-a-home.html (Salesforce Documentation)",Agentforce Coworker is an AI-powered agent that connects work tools into one conversational interface and is powered by Data 360.,,,0.25,,default,"['context_precision', 'context_recall', 'faithfulness', 'answer_relevancy']",False,False,False,False,False
"I would like to classify the cases based on the subject, description and other classification fields on the case object.","['- Question 1, required. Asks about the field you use to categorize cases. Choose the name of the field you use to identify and organize cases, such as service category, type or level.\nNote This is the only question you see if you use basic app creation.\n\n- Question 1, required. Asks about the field you use to categorize cases. Choose the name of the field your business uses most to identify and organize cases, such as service product, type or level.\nNote This question is the only one you see if you use basic app creation.\n\nUsage\n\nIn the Salesforce UI, case subjects are brief descriptions of cases. They are what agents see on cases first. Social Business Rules specify the brief descriptions of cases created from social posts. Using CaseSubjectParticle objects you can build your own case subject format, where each object represents a social post\'s component. For example, combining CaseSubjectParticle objects with components for types `MessageType`, `RealName`, and `SocialNetwork` results in ""Tweet Customer123 Twitter"".', '{\n  ""id"": ""admin/analytics/260-0-0/bi_template_public_sector_wizard_drilldown_step5.html"",\n  ""documentPath"": ""admin/analytics/260-0-0/bi_template_public_sector_wizard_drilldown_step5.html"",\n  ""url"": ""https://help.salesforce.com/s/articleView?id=analytics.bi_template_public_sector_wizard_drilldown_step5.htm&release=260&type=5"",\n  ""collection"": ""admin/analytics"",\n  ""totalChunks"": 5,\n  ""content"": ""Data Drill Down Questions, Public Sector Case Analytics Custom Wizard Step 5 of 6\\n\\nTell Public Sector Case Analytics how you prefer to drill into data about cases, including category, type, severity, owner, and reason, and if they’re resolved at first contact.\\n\\n[Note] This page is labeled Step 5 of 6, even though it’s the second page of questions you see after you select custom create. This is the fifth of six steps for creating Public Sector Case Analytics with the custom option.\\n\\n- Question 1, required. Asks about the field you use to categorize cases. Choose the name of the field you use to identify and organize cases, such as service category, type or level.\\nNote This is the only question you see if you use basic app creation.\\n\\n[Note] This is the only question you see if you use basic app creation.\\n\\n- Question 2, optional. Asks about the field you use to record clients’ type of support. Examples include premium and basic.\\n\\n- Question 3, required. Asks which field you use to categorize case severity—usually the field you use to prioritize cases.\\n\\n- Question 4, required. Asks which field you use to track case status of case. You filter and analyze cases in dashboards based on your selection.\\n\\n- Question 5, required. Asks about the field you use to identify topics, reasons, and closure codes of cases. Your selection helps you understand which kinds of cases your team solves most efficiently.\\n\\n- Question 6, required. Asks you to choose the field you use to track types of cases so you can filter and analyze cases according to support type.\\n\\n- Question 7, required. Asks you to select the field used to track channels clients use to open cases, such as phone, email, mobile, or web.\\n\\n- Question 8, required. Asks you to select the object used to track cases according to geography. Options are `Accounts`, `Contacts` (if not using Person Accounts), and `Cases`. Defaults to `Accounts`, which is used in basic create.\\n\\n- Question 9, required. Asks you to indicate the field in the object selected in Question 8 to track cases by geography. Defaults to `Billing State/Province`, which is used in basic create.\\n\\n- Question 10, required. Asks you to indicate your fiscal year start month. Defaults to January; select another month if your fiscal year is different from calendar year. Public Sector Case Analytics supports only standard fiscal periods.\\n\\n- Question 11, optional: Select dimension fields from the Cases object you haven’t selected in previous questions. Adding dimensions lets you drill into dimensions that are important to your organization. Dimensions are qualitative values, such as date, region, and product name."",\n  ""metadata"": {\n    ""title"": ""Data Drill Down Questions, Public Sector Case Analytics Custom Wizard Step 5 of 6"",\n    ""app_area"": ""Crm Analytics"",\n    ""breadcrumb_path"": ""Salesforce Help|Docs|CRM Analytics""\n  }\n}']","['CaseClassification enables Einstein Case Classification.', 'Case Classification offers recommendations to your agents so they can select the best value.', 'You can automatically save the best recommendation and route the case to the right agent.']","## Answer
[Unverified] I could not generate a verified answer because the local model provider was unavailable.

## Sources
- No verified synthesis could be produced.","Einstein Case Classification can recommend a classification value using case data such as Subject, Description, and custom classification fields, and it can route the case to the right agent or queue.",,,0.75,,default,"['context_precision', 'context_recall', 'faithfulness', 'answer_relevancy']",False,False,False,False,False
What is a Platform Event?,"['A platform event is a special Salesforce entity, similar in many ways to an sObject. An event message is an instance of a platform event, similar to how a record is an instance of a custom object. Unlike custom objects, you can’t update or delete event records. You also can’t view event records in the Salesforce user interface, and platform events don’t have page layouts. When you delete a platform event definition, it’s permanently deleted.\n\nStandard Fields\n\nPlatform events include standard fields. These fields appear on the New Platform Event page.\n\nPlatform Events Developer Guide\n\nUse platform events to connect business processes in Salesforce and external apps through the exchange of real-time event data. Platform events are secure and scalable messages that contain data. Publishers publish event messages that subscribers receive in real time. To customize the data published, define platform event fields.\n\nPlatform Events and sObjects\n\nA platform event is a special kind of Salesforce entity, similar in many ways to an sObject. An event message is an instance of a platform event, similar to how a record is an instance of a custom or standard object. Unlike custom or standard objects, you can’t update or delete event records. You also can’t view event records in the Salesforce user interface, and platform events don’t have page layouts. When you delete a platform event definition, it’s permanently deleted.', '{\n  ""id"": ""admin/platform/260-0-0/platform_events.html"",\n  ""documentPath"": ""admin/platform/260-0-0/platform_events.html"",\n  ""url"": ""https://help.salesforce.com/s/articleView?id=platform.platform_events.htm&release=260&type=5"",\n  ""collection"": ""admin/platform"",\n  ""totalChunks"": 14,\n  ""content"": ""Define and Manage Platform Events\\n\\nUse platform events to connect business processes in Salesforce and external sources through the exchange of real-time event data. Platform events are secure and scalable. Define fields to customize your platform event data.\\n\\nTable type: Required Editions\\n\\n| Available in both Salesforce Classic and Lightning Experience |\\n| --- |\\n| Available in: Performance, Unlimited, Enterprise, and Developer Editions |\\n\\nTable type: User Permissions Needed\\n\\n| User Permissions Needed | User Permissions Needed |\\n| --- | --- |\\n| To create and edit platform event definitions: | Customize Application |\\n\\nBy using platform events, publishers can send custom event data through Apex, a process, a flow, Pub/Sub API, or other APIs. Subscribers can receive custom event messages from Salesforce or an external system using Apex, Pub/Sub API clients, processes, or flows. Based on the event message data, subscribers can process custom business logic, such as sending an email or logging a case. For example, a software system monitoring a printer can make an API call to publish an event when the ink is low. The custom printer event can contain custom fields for the printer model, serial number, and ink level. The event is processed in Salesforce by an Apex trigger that places an order for a new cartridge.\\n\\nPlatform events simplify the process of communicating changes and responding to them without writing complex logic. Publishers and subscribers communicate with each other through events. Multiple subscribers can listen to the same event and carry out different actions.\\n\\nDefine Your Platform Event\\n\\nTo define a platform event in Salesforce Classic or Lightning Experience:\\n\\n1. From Setup, enter `Platform Events` in the Quick Find box, then select `Platform Events`.\\n\\n2. On the Platform Events page, click `New Platform Event`.\\n\\n3. Complete the standard fields, and optionally add a description.\\n\\n4. For Publish Behavior, choose when the event message is published in a transaction.\\n\\n- `Publish After Commit` to have the event message published only after a transaction commits successfully. Select this option if subscribers rely on data that the publishing transaction commits. For example, a process publishes an event message and creates a task record. A second process that is subscribed to the event is fired and expects to find the task record. Another reason for choosing this behavior is when you don\'t want the event message to be published if the transaction fails.\\n\\n- `Publish Immediately` to have the event message published when the publish call executes. Select this option if you want the event message to be published regardless of whether the transaction succeeds. Also choose this option if the publisher and subscribers are independent, and subscribers don\'t rely on data committed by the publisher. For example, the immediate publishing behavior is suitable for an event used for logging purposes. With this option, a subscriber can receive the event message before data is committed by the publisher transaction.\\n\\n5. Click `Save`.\\n\\n6. To add a field, in the Custom Fields & Relationships related list, click `New`.\\n\\n7. To set up the field properties, follow the custom field wizard.\\n\\n[Note] If you change the publish behavior, expect up to a 5-minute delay for the change to take effect.\\n\\nIn Lightning Experience, platform events aren’t shown in the Object Manager’s list of standard and custom objects and aren’t available in Schema Builder.\\n\\nA platform event is a special Salesforce entity, similar in many ways to an sObject. An event message is an instance of a platform event, similar to how a record is an instance of a custom object. Unlike custom objects, you can’t update or delete event records. You also can’t view event records in the Salesforce user interface, and platform events don’t have page layouts. When you delete a platform event definition, it’s permanently deleted.\\n\\nStandard Fields\\n\\nPlatform events include standard fields. These fields appear on the New Platform Event page.\\n\\nTable context:\\nA platform event is a special Salesforce entity, similar in many ways to an sObject. An event message is an instance of a platform event, similar to how a record is an instance of a custom object. Unlike custom objects, you can’t update or delete event records. You also can’t view event records in the Salesforce user interface, and platform events don’t have page layouts. When you delete a platform event definition, it’s permanently deleted.\\n\\nStandard Fields\\n\\nPlatform events include standard fields. These fields appear on the New Platform Event page.\\n\\n| Field | Description |\\n| --- | --- |\\n| `Label` | Name used to refer to your platform event in a user interface page. |\\n| `Plural Label` | Plural name of the platform event. |\\n| `Starts with a vowel sound` | If it’s appropriate for your org’s default language, indicate whether the label is preceded by “an” instead of “a.” |\\n| `Object Name` | Unique name used to refer to the platform event when using the API. In managed packages, this name prevents naming conflicts with package installations. Use only alphanumeric characters and underscores. The name must begin with a letter and have no spaces. It can\'t end with an underscore or have two consecutive underscores. |\\n| `Description` | Optional description of the object. A meaningful description helps you remember the differences between your events when you view them in a list. |\\n| `Deployment Status` | Indicates whether the platform event is visible to other users. |\\n\\nCustom Fields\\n\\nIn addition to the standard fields, you can add custom fields to your custom event. Platform event custom fields support only these field types.\\n\\n- Checkbox\\n\\n- Date\\n\\n- Date/Time\\n\\n- Number\\n\\n- Text\\n\\n- Text Area (Long)\\n\\nThe maximum number of fields that you can add to a platform event is the same as for a custom object. See [Salesforce Features and Edition Allocations](https://help.salesforce.com/articleView?id=overview_limits_general.htm&language=en_US).\\n\\n`ReplayId` System Field:\\n\\nEach event message is assigned an opaque ID contained in the `ReplayId` field. The `ReplayId` field value, which is populated by the system when the event is delivered to subscribers, refers to the position of the event in the event stream. Replay ID values aren\'t guaranteed to be contiguous for consecutive events. A subscriber can store a replay ID value and use it on resubscription to retrieve events that are within the retention window. For example, a subscriber can retrieve missed events after a connection failure. Subscribers must not compute new replay IDs based on a stored replay ID to refer to other events in the stream.\\n\\n`EventUuid` System Field\\n\\nA universally unique identifier (UUID) that identifies a platform event message. In Pub/Sub API clients, the event `id` field contains the event UUID value and isn\'t versioned. In other subscriber clients, the `EventUuid` field is available in API version 52.0 and later. The API version corresponds to the version that an Apex trigger is saved with, or the version specified in a CometD subscriber endpoint.\\n\\nAPI Name Suffix for Custom Platform Events\\n\\nWhen you create a platform event, the system appends the `__e` suffix to create the API name of the event. For example, if you create an event with the object name `Low Ink`, the API name is `Low_Ink__e`. The API name is used whenever you refer to the event programmatically, for example, in Apex. API names of standard platform events, such as AssetTokenEvent, don’t include a suffix.\\n\\nEvent Subscribers\\n\\nThe Subscriptions related list shows all triggers, processes, and platform event–triggered flows that are subscribed to a platform event. Pub/Sub API subscribers, CometD subscribers, such as your own CometD client or the `empApi` Lightning component, aren\'t listed in this page.\\n\\nThe list shows the replay ID of the event that the system last processed (Last Processed Id field) and the event last published (Last Published Id field). Knowing which replay ID was last processed is useful when there’s a gap in the events published and processed. For example, if a trigger contains complex logic that causes a delay in processing large batches of incoming events.\\n\\n[Note] For high-volume platform events, the Last Published Id value isn\'t available and is always shown as Not Available.\\n\\nAlso, the Subscriptions list shows the state of each subscriber, which can be one of the following.\\n\\n- `Running`—The subscriber is actively listening to events. If you modify the subscriber, the subscription continues to process events.\\n\\n- `Error`— The subscriber was disconnected and stopped receiving published events. A trigger reaches this state when it exceeds the number of maximum retries with the `EventBus.RetryableException`. Trigger assertion failures and unhandled exceptions don’t cause the error state. We recommend limiting the retries to fewer than nine times to avoid reaching this state. When you fix and save the trigger, or for a managed package trigger, if you redeploy the package, the trigger resumes automatically from the tip, starting from new events. Also, you can resume a trigger subscription in the subscription detail page that you access from the platform event page.\\n\\n- `Suspended`—The subscriber is disconnected and can’t receive events because a Salesforce admin suspended it or due to an internal error. You can resume a trigger subscription in the subscription detail page that you access from the platform event page. To resume a process, deactivate it and then reactivate it. If you modify the subscriber, the subscription resumes automatically from the tip, starting from new events.\\n\\n[Note] Only one “Process” subscriber appears in the Subscriptions related list for all paused flow interviews that are subscribed to the platform event. Processes and platform event–triggered flows are listed individually.\\n\\nAlso, information about event subscribers is exposed in the EventBusSubscriber object. You can query this object to obtain details about subscribers.\\n\\nSuspend or Resume an Apex Trigger Subscription:\\n\\nResume a suspended trigger subscription where it left off, starting from the earliest available event message that is stored in the event bus. If you want to bypass event messages that are causing errors or are no longer needed, you can resume a subscription from the tip, starting from new event messages.\\n\\nTo manage a trigger subscription:\\n\\n1. In the Subscriptions related list, click `Manage` next to the Apex trigger.\\n\\n2. In the subscription detail page, choose the appropriate action.\\n\\n- To suspend a running subscription, click `Suspend`.\\n\\n- To resume a suspended subscription, starting from the earliest event message that is available in the event bus, click `Resume`.\\n\\n- To resume a suspended subscription, starting from new event messages, click `Resume from Tip`.\\n\\nYou can’t manage subscriptions for flows and processes through the Subscriptions related list.\\n\\n[Note] After you modify a subscriber, the subscription resumes automatically. For more information, see the [Event Subscribers](platform_events.htm) section.\\n\\nIf you click `Resume` for a trigger that is in the error state, the trigger skips the events that were retried with `EventBus.RetryableException`. The subscription starts with the unprocessed events sent after the error state and that are within the retention window.\\n\\nPlatform Event Considerations\\n\\n- Field-Level Security—All platform event fields are read only by default, and you can’t restrict access to a particular field. Field-level security permissions don’t apply and the event message contains all fields.\\n\\n- Enforcement of Field Attributes—Platform event records are validated to ensure that the attributes of their custom fields are enforced. Field attributes include the Required and Default attributes, the precision of number fields, and the maximum length of text fields.\\n\\n- Permanent Deletion of Event Definitions—When you delete an event definition, it’s permanently removed and can’t be restored. Before you delete the event definition, delete the associated triggers. Published events that use the definition are also deleted.\\n\\n- Renaming Event Objects—Before you rename an event, delete the associated triggers. If the event name is modified after clients have subscribed to this event, the subscribed clients must resubscribe to the updated topic. To resubscribe to the new event, add your trigger for the renamed event object.\\n\\n- No Associated Tab—Platform events don’t have an associated tab because you can’t view event records in the Salesforce user interface.\\n\\n- No SOQL Support—You can’t query event messages using SOQL.\\n\\n- No Record Page Support in Lightning App Builder—When creating a record page in Lightning App Builder, platform events that you defined show up in the list of objects for the page. However, you can’t create a Lightning record page for platform events because event records aren’t available in the user interface.\\n\\n- Platform Events in Package Uninstall—When uninstalling a package with the option `Save a copy of this package\'s data for 48 hours after uninstall` enabled, platform events aren’t exported.\\n\\n- Event Volume in Package Installations and Upgrades—Installing a managed or unmanaged package that contains a standard-volume platform event causes the event type to be saved as high volume in the subscriber org. Upgrading a managed package doesn\'t change t he event volume in the subscriber org.\\n\\n- No Support in Professional and Group Editions—Platform events aren’t supported in Professional and Group Edition orgs. Installation of a package that contains platform event objects fails in those orgs.\\n\\nSee Also\\n\\n- [Platform Events Developer Guide](https://developer.salesforce.com/docs/atlas.en-us.platform_events.meta/platform_events/platform_events_intro.htm)\\n\\n- [Platform Event Allocations](https://developer.salesforce.com/docs/atlas.en-us.platform_events.meta/platform_events/platform_event_limits.htm)"",\n  ""metadata"": {\n    ""title"": ""Define and Manage Platform Events"",\n    ""app_area"": ""Platform"",\n    ""breadcrumb_path"": ""Salesforce Help|Docs|Extend Salesforce with Clicks, Not Code"",\n    ""required_editions"": ""Available in both Salesforce Classic and Lightning Experience; Available in: Performance, Unlimited, Enterprise, and Developer Editions"",\n    ""available_editions"": [\n      ""Enterprise"",\n      ""Performance"",\n      ""Unlimited"",\n      ""Developer""\n    ],\n    ""required_permissions"": ""To create and edit platform event definitions: Customize Application"",\n    ""available_experiences"": [\n      ""Salesforce Classic"",\n      ""Lightning Experience""\n    ],\n    ""required_permission_names"": [\n      ""Customize Application""\n    ]\n  }\n}']","[""Platform Events are part of Salesforce's event-driven architecture and let you publish and subscribe to business events.""]","## Answer
[Unverified] I could not generate a verified answer because the local model provider was unavailable.

## Sources
- No verified synthesis could be produced.",A Platform Event is an event-driven mechanism in Salesforce for publishing and subscribing to business events.,,,,,default,"['context_precision', 'context_recall', 'faithfulness', 'answer_relevancy']",False,False,False,False,False
What was the Salesforce API version in the Winter '20 release notes?,"[""August 16, 2023\n\nSalesforce.org Winter '24 release notes changes from August 16, 2023.\n\n- [Salesforce.org Winter '24 Release Notes](release_notes_sfdo_246.htm)\nPublished preview release notes.\n\nSalesforce Winter ’26 Release Notes\n\nThe Winter ’26 release is packed with innovations designed to help your business work smarter, move faster, and connect more deeply with customers.\n\nSalesforce.org Winter '23 Release Notes\n\n- [Salesforce for Education Winter '23 Release Notes](rn_education_cloud_240.htm)\nLearn what's new in Salesforce for Education in Winter '23.\n\n- [Salesforce for Nonprofits Winter '23 Release Notes](rn_nonprofit_cloud_240.htm)\nLearn what's new in Salesforce for Nonprofits in Winter '23."", '{\n  ""id"": ""admin/sfdo/260-0-0/release_notes_change_log_246.html"",\n  ""documentPath"": ""admin/sfdo/260-0-0/release_notes_change_log_246.html"",\n  ""url"": ""https://help.salesforce.com/s/articleView?id=sfdo.release_notes_change_log_246.htm&release=260&type=5"",\n  ""collection"": ""admin/sfdo"",\n  ""totalChunks"": 6,\n  ""content"": ""Release Note Changes\\n\\nRead about changes to the release notes, with the most recent changes first.\\n\\n[Note] This release is in preview. Features described in this document don\'t become generally available until the latest general availability date that Salesforce announces for this release. Before then, and where features are noted as beta, pilot, or developer preview, we can\'t guarantee general availability within any particular time frame or at all. Make your purchase decisions only on the basis of generally available products and features. Linked documentation might not include the new features or the links in these release notes might not work yet.\\n\\nOctober 10, 2023\\n\\nSalesforce.org Winter \'24 release notes changes from October 10, 2023.\\n\\n- [Nonprofit Cloud Case Management New and Changed Objects](rn_npc_cm_new_and_changed_objects.htm)\\nAdded ComplaintCase and PublicComplaint as new objects for Nonprofit Cloud Case Management.\\n\\nAugust 28, 2023\\n\\nSalesforce.org Winter \'24 release notes changes from August 28, 2023.\\n\\n- [Nonprofit Success Pack (Managed Package) Release Notes](npsp_mp_release_notes.htm)\\nAdded NPSP release notes.\\n\\nAugust 17, 2023\\n\\nSalesforce.org Winter \'24 release notes changes from August 17, 2023.\\n\\n- [New Flows for Nonprofit Cloud for Fundraising](rn_npc_fr_new_flows_for_nonprofit_cloud_for_fundraising.htm)\\nAdded Process Gift Entries flow.\\n\\nAugust 16, 2023\\n\\nSalesforce.org Winter \'24 release notes changes from August 16, 2023.\\n\\n- [Salesforce.org Winter \'24 Release Notes](release_notes_sfdo_246.htm)\\nPublished preview release notes."",\n  ""metadata"": {\n    ""title"": ""Release Note Changes"",\n    ""app_area"": ""Education Cloud"",\n    ""breadcrumb_path"": ""Salesforce Help|Docs|Salesforce.org Release Notes""\n  }\n}']",['MuleSoft Salesforce Connector release notes listed Salesforce API versions up to v47.0.'],"## Answer
[Unverified] I could not generate a verified answer because the local model provider was unavailable.

## Sources
- No verified synthesis could be produced.",The Winter '20 era documentation referenced API version 47.0 in the connector release notes.,,,0.0,,default,"['context_precision', 'context_recall', 'faithfulness', 'answer_relevancy']",False,False,False,False,False
